Oceanus Procellarum	p	20.67	-56.68	2592.2
Mare Frigoris	p	57.59	-0.01	1446.4
Mare Imbrium	p	34.72	-14.91	1145.5
Mare Tranquillitatis	p	8.35	30.83	875.7
Mare Fecunditatis	p	-7.83	53.67	840.4
Mare Nubium	p	-20.59	-17.29	714.5
Mare Serenitatis	p	27.29	18.36	674.3
Vallis Snellius	o	-30.93	57.84	640.0
Montes Apenninus	o	19.87	0.03	599.7
Mare Crisium	p	16.18	59.10	555.9
Rupes Altai	o	-24.32	23.12	545.2
Mare Insularum	p	7.79	-30.64	511.9
Vallis Rheita	o	-42.51	51.65	509.1
Montes Caucasus	o	37.52	9.93	443.5
Lacus Somniorum	p	37.56	30.80	424.8
Montes Jura	o	47.49	-36.11	420.8
Mare Humorum	p	-24.48	-38.57	419.7
Rimae Sirsalis	o	-15.01	-61.36	405.0
Montes Haemus	o	17.11	12.03	384.7
Lacus Veris	p	-16.48	-85.91	382.9
Mare Smythii	p	-1.71	87.05	374.0
Dorsum Buckland	o	19.43	14.30	369.1
Mare Marginis	p	12.70	86.52	357.6
Mare Cognitum	p	-10.53	-22.31	350.0
Mare Nectaris	p	-15.19	34.60	339.4
Montes Alpes	o	48.36	-0.58	334.5
Montes Carpatus	o	14.57	-23.62	333.6
Rima Brayley	o	22.30	-36.35	327.3
Sinus Aestuum	p	12.10	-8.34	316.5
Bailly	c	-66.82	-68.90	300.6
Palus Epidemiarum	p	-32.00	-27.54	300.4
Dorsum Oppel	o	19.31	52.09	297.6
Vallis Bouvard	o	-38.45	-82.32	287.9
Sinus Medii	p	1.63	1.03	286.7
Rima Marius	o	16.37	-49.54	283.5
Rima Sharp	o	46.02	-50.36	276.7
Rimae Hippalus	o	-25.60	-29.36	266.0
Dorsa Ewing	o	-11.06	-38.31	261.6
Rimae Hase	o	-34.71	67.78	257.2
Rima Hesiodus	o	-30.54	-21.85	251.5
Montes Pyrenaeus	o	-14.05	41.51	251.3
Rimae Kopff	o	-14.68	-88.10	250.0
Rimae Riccioli	o	-1.52	-73.07	250.0
Sinus Iridum	p	45.01	-31.67	249.3
Rima Ariadaeus	o	6.48	13.44	247.4
Mare Undarum	p	7.49	68.66	244.8
Rima Draper	o	17.37	-25.37	244.2
Mare Vaporum	p	13.20	4.09	242.5
Rimae Mersenius	o	-20.69	-46.53	240.0
Grimaldi	c	-5.38	-68.36	235.0
Rimae Bode	o	9.54	-3.22	233.0
Mare Humboldtianum	p	56.92	81.54	230.8
Clavius	c	-58.62	-14.73	230.8
Deslandres	c	-32.55	-5.57	227.0
Rimae Gutenberg	o	-4.42	36.42	223.0
Rima Cardanus	o	11.32	-71.14	221.9
Dorsa Smirnov	o	26.41	25.53	221.8
Sinus Asperitatis	p	-5.41	27.49	219.1
Dorsa Geikie	o	-4.21	52.83	218.4
Rimae Archimedes	o	26.34	-4.53	215.0
Dorsa Harker	o	13.79	63.65	213.1
Schickard	c	-44.38	-55.11	212.2
Rimae Parry	o	-8.07	-16.52	210.0
Catena Abulfeda	o	-16.59	16.70	210.0
Vallis Baade	o	-45.55	-77.23	206.8
Lacus Temporis	p	46.77	56.21	205.3
Rima Hyginus	o	7.62	6.77	204.0
Rima Diophantus	o	28.70	-33.67	201.5
Janssen	c	-44.96	40.82	200.7
Rimae Hypatia	o	-0.34	22.78	200.0
Rimae Triesnecker	o	5.10	4.83	200.0
Humboldt	c	-27.02	80.96	199.5
Lacus Excellentiae	p	-35.65	-43.58	197.7
Lacus Autumni	p	-11.82	-83.17	195.6
Dorsum Zirkel	o	29.55	-24.82	195.2
Sinus Roris	p	50.26	-50.86	195.0
Dorsa Burnet	o	26.18	-56.78	195.0
Montes Riphaeus	o	-7.48	-27.60	190.1
Rimae Goclenius	o	-7.84	42.88	190.0
Sinus Amoris	p	19.92	37.29	189.1
Dorsa Tetyaev	o	20.03	64.06	187.5
Rima Galilaei	o	12.91	-59.20	185.9
Vallis Schröteri	o	26.16	-51.58	185.3
Petavius	c	-25.39	60.78	184.1
Dorsum Von Cotta	o	23.60	11.95	183.1
Einstein	c	16.60	-88.65	181.5
Palus Putredinis	p	27.36	0.00	180.5
Dorsa Lister	o	19.76	23.52	180.1
Rimae Hevelius	o	0.81	-66.38	180.0
Rimae Herigonius	o	-13.92	-36.75	180.0
Rimae Plato	o	50.88	-3.02	180.0
Schiller	c	-51.72	-39.78	179.4
Rimae Aristarchus	o	27.52	-47.25	175.0
Gauss	c	36.01	79.08	170.7
W. Bond	c	65.41	3.52	170.5
Rimae Darwin	o	-19.84	-66.66	170.0
Rupes Cauchy	o	9.31	37.08	169.8
Rima Cauchy	o	10.42	38.07	167.0
Rima G. Bond	o	32.86	35.25	166.8
Montes Taurus	o	27.32	40.34	166.2
Rimae Littrow	o	22.47	30.47	165.0
Struve	c	23.41	-76.65	164.3
Palus Somni	p	13.69	44.72	163.5
Hausen	c	-65.11	-88.49	163.2
Drygalski	c	-79.57	-87.18	162.5
Catena Humboldt	o	-21.98	84.70	162.3
Lagrange	c	-32.60	-71.45	162.2
Rimae Grimaldi	o	-6.18	-63.90	162.0
Montes Agricola	o	29.06	-54.07	159.8
Sinus Concordiae	p	10.98	42.47	159.0
Lacus Mortis	p	45.13	27.32	158.8
Rima Sheepshanks	o	58.28	23.69	157.5
Hedin	c	2.87	-76.57	157.4
Rima Suess	o	6.62	-47.14	156.4
Riccioli	c	-2.90	-74.42	155.7
Maginus	c	-50.03	-5.98	155.6
Vallis Alpes	o	49.21	3.63	155.4
J. Herschel	c	62.31	-41.86	154.4
Ptolemaeus	c	-9.16	-1.84	153.7
Lacus Timoris	p	-39.42	-27.95	153.6
Rimae Repsold	o	50.74	-80.46	152.1
Lyot	c	-50.47	84.80	150.6
Dorsum Heim	o	32.20	-29.83	146.8
Babbage	c	59.56	-57.38	146.6
Montes Archimedes	o	25.39	-5.25	146.5
Mare Anguis	p	22.43	67.58	146.0
Longomontanus	c	-49.55	-21.88	145.5
Vallis Inghirami	o	-43.95	-72.59	145.1
Rupes Liebig	o	-25.14	-45.92	144.8
Pythagoras	c	63.68	-62.98	144.6
Neper	c	8.76	84.58	144.3
Hipparchus	c	-5.36	4.91	143.9
Mare Spumans	p	1.30	65.30	143.1
Dorsa Mawson	o	-7.77	52.48	142.7
Vendelinus	c	-16.46	61.55	141.2
Rima Milichius	o	8.03	-32.87	140.7
Rimae Daniell	o	37.53	24.33	140.2
Catena Sylvester	o	79.99	-83.12	139.0
Dorsa Whiston	o	29.77	-56.96	138.9
Abel	c	-34.63	85.78	137.3
Brianchon	c	74.75	-88.36	137.3
Balmer	c	-20.27	70.22	136.3
De La Rue	c	59.02	52.84	135.2
Furnerius	c	-36.00	60.54	135.0
Walther	c	-33.25	0.62	134.2
Mee	c	-43.63	-35.19	134.1
Rima Bradley	o	24.17	-0.60	133.8
Hecataeus	c	-22.06	79.68	133.7
Rupes Mercator	o	-30.21	-22.84	132.4
Langrenus	c	-8.86	61.04	132.0
Albategnius	c	-11.24	4.01	130.8
Cleomedes	c	27.60	55.50	130.8
Rimae Sosigenes	o	8.08	18.72	130.0
Rimae Zupus	o	-15.46	-53.76	130.0
Mons Mouton	o	-84.60	31.00	130.0
Stöfler	c	-41.24	5.93	129.9
Dorsa Cato	o	0.21	47.70	128.6
Boussingault	c	-70.21	53.73	127.6
Dorsa Aldrovandi	o	23.61	28.65	126.8
Sinus Successus	p	1.12	58.52	126.7
Regiomontanus	c	-28.28	-1.09	126.6
Le Gentil	c	-74.27	-76.02	125.4
Rima Agricola	o	29.25	-53.42	125.1
Meton	c	73.57	19.63	124.7
Dorsum Grabau	o	29.76	-14.19	123.7
Messala	c	39.31	60.06	122.4
Darwin	c	-19.93	-69.21	122.2
Lacus Bonitatis	p	23.18	44.32	122.1
Endymion	c	53.61	56.48	122.1
Demonax	c	-78.09	59.36	121.9
Klaproth	c	-69.85	-26.26	121.4
Orontius	c	-40.37	-3.96	121.0
Fracastorius	c	-21.36	33.07	120.6
Rima Mairan	o	38.28	-46.83	120.5
Eddington	c	21.50	-72.02	120.1
Rimae Janssen	o	-45.80	39.26	120.0
Sinus Lunicus	p	32.36	-1.85	119.2
South	c	57.58	-50.94	119.0
Riemann	c	39.38	87.18	117.9
Letronne	c	-10.50	-42.49	117.6
Xenophanes	c	57.49	-82.01	117.6
Volta	c	53.90	-84.77	117.1
Rima Hadley	o	25.72	3.15	116.1
Kästner	c	-6.90	78.94	116.1
Rupes Recta	o	-21.67	-7.70	115.9
Barnard	c	-29.79	85.95	115.7
Maurolycus	c	-41.77	13.92	115.3
Goldschmidt	c	73.04	-3.37	115.3
Phocylides	c	-52.79	-57.31	115.2
Purbach	c	-25.51	-2.03	115.0
Lamarck	c	-23.12	-70.06	114.7
Moretus	c	-70.63	-5.95	114.4
Hevelius	c	2.20	-67.46	113.9
Rayleigh	c	29.12	89.45	113.8
Hommel	c	-54.74	32.93	113.6
Dorsa Barlow	o	14.04	30.57	112.6
Rimae Römer	o	26.98	34.86	112.0
Montes Teneriffe	o	47.89	-13.19	112.0
Sinus Honoris	p	11.72	17.87	111.6
Gassendi	c	-17.55	-39.96	111.4
Alphonsus	c	-13.39	-2.85	110.5
Vallis Palitzsch	o	-26.16	64.64	110.5
Helmholtz	c	-68.64	65.34	110.2
Scheiner	c	-60.35	-27.81	110.1
Rimae Gerard	o	45.54	-84.36	110.0
Rimae Petavius	o	-25.23	60.48	110.0
Repsold	c	51.31	-78.41	108.7
Pascal	c	74.36	-70.63	108.2
Scott	c	-82.35	48.52	107.8
Dorsum Scilla	o	32.34	-60.00	107.5
Vallis Capella	o	-7.39	35.04	106.3
Blancanus	c	-63.77	-21.63	105.8
Rima Euler	o	21.08	-30.31	105.0
Phillips	c	-26.57	75.67	104.2
Amundsen	c	-84.44	83.07	103.4
Russell	c	26.51	-75.55	103.4
Dorsum Azara	o	26.86	19.17	103.2
Lacus Doloris	p	16.80	8.61	102.9
Casatus	c	-72.70	-30.75	102.8
Piazzi	c	-36.16	-68.01	102.6
Gärtner	c	59.24	34.76	101.8
Wilhelm	c	-43.21	-20.94	100.8
Plato	c	51.62	-9.38	100.7
Dorsa Rubey	o	-9.88	-42.36	100.6
Pitatus	c	-29.88	-13.53	100.6
Cabeus	c	-85.33	-42.13	100.6
Gilbert	c	-3.19	76.16	100.2
Rimae Chacornac	o	29.01	31.24	100.0
Rimae Plinius	o	17.05	23.14	100.0
Rimae Ramsden	o	-32.93	-31.32	100.0
Dorsum Arduino	o	24.77	-36.27	99.7
Curtius	c	-67.08	4.40	99.3
Banachiewicz	c	5.28	80.01	99.1
Gerard	c	44.54	-80.51	98.8
Catharina	c	-17.98	23.55	98.8
Theophilus	c	-11.45	26.28	98.6
Lacus Felicitatis	p	18.52	5.36	98.5
Cyrillus	c	-13.29	24.07	98.1
Rimae Bürg	o	44.70	25.27	98.0
Sacrobosco	c	-23.75	16.64	97.7
Byrd	c	85.43	10.07	97.5
Arzachel	c	-18.26	-1.93	97.0
Fra Mauro	c	-6.06	-16.97	96.8
Copernicus	c	9.62	-20.08	96.1
Manzinus	c	-67.51	26.37	96.0
Vallis Bohr	o	10.25	-88.86	95.3
Dorsum Cayeux	o	0.76	51.22	95.1
Posidonius	c	31.88	29.99	95.1
Alexander	c	40.25	13.69	94.8
Inghirami	c	-47.49	-68.95	94.6
Boguslawsky	c	-72.90	43.26	94.6
Rima Oppolzer	o	-1.53	1.28	94.2
Rimae Maclear	o	12.23	19.90	94.0
Barrow	c	71.28	7.59	93.8
Vasco da Gama	c	13.78	-83.94	93.5
Goddard	c	15.15	89.13	93.2
Arnold	c	66.98	35.83	93.1
Montes Harbinger	o	26.89	-41.29	92.7
Dorsa Argand	o	28.29	-40.34	91.9
Rosenberger	c	-55.49	43.15	91.6
Gruemberger	c	-67.04	-10.30	91.5
Ansgarius	c	-12.92	79.72	91.4
Pontécoulant	c	-58.78	66.07	91.4
Rima Archytas	o	53.63	3.00	90.2
Brenner	c	-39.09	39.11	90.0
Rimae Pitatus	o	-29.84	-13.62	90.0
Birmingham	c	65.12	-10.70	89.9
Dorsum Termier	o	11.63	57.15	89.6
Rimae Apollonius	o	4.39	54.33	89.6
Baillaud	c	74.61	37.35	89.4
Vlacq	c	-53.39	38.69	89.2
Lagalla	c	-44.48	-22.36	88.8
Gemma Frisius	c	-34.33	13.37	88.5
Lacus Gaudii	p	16.33	12.27	88.5
Pingré	c	-58.64	-73.95	88.4
Atlas	c	46.74	44.38	88.1
Piccolomini	c	-29.70	32.20	87.6
Aristoteles	c	50.24	17.32	87.6
Schlüter	c	-5.93	-83.39	87.6
Hahn	c	31.22	73.55	87.5
Vieta	c	-29.31	-56.53	87.2
Rimae Menelaus	o	17.10	17.77	87.0
Rimae Alphonsus	o	-13.40	-1.94	87.0
Wurzelbauer	c	-34.04	-16.06	86.8
Lacus Aestatis	p	-14.83	-68.57	86.4
Hayn	c	64.56	83.87	86.2
Rima Louville	o	47.61	-51.54	86.0
Snellius	c	-29.33	55.70	86.0
Rupes Kelvin	o	-28.03	-33.17	85.9
Schomberger	c	-76.64	24.69	85.8
Heraclitus	c	-49.31	6.42	85.7
Dorsum Cushman	o	1.42	49.19	85.7
Tycho	c	-43.30	-11.22	85.3
Lacus Tenebrarum	p	-86.71	-87.67	85.0
Desargues	c	70.25	-73.42	84.8
Julius Caesar	c	9.17	15.21	84.7
Wargentin	c	-49.53	-60.44	84.7
Dorsum Bucher	o	30.76	-39.55	84.7
Byrgius	c	-24.73	-65.38	84.5
Mersenius	c	-21.49	-49.34	84.5
Neumayer	c	-71.16	70.92	84.4
Lamé	c	-14.76	64.56	84.3
Rocca	c	-12.89	-72.89	84.1
Newton	c	-76.52	-17.44	83.9
Metius	c	-40.42	43.37	83.8
Montes Recti	o	48.30	-19.72	83.2
Lamont	c	5.14	23.32	83.2
Mouchez	c	78.38	-26.82	82.8
Barocius	c	-44.98	16.81	82.7
Rabbi Levi	c	-34.78	23.46	82.4
Dorsa Dana	o	2.26	89.60	82.3
Hase	c	-29.37	62.68	82.1
Geminus	c	34.42	56.66	82.0
Hubble	c	22.29	86.91	81.8
Sasserides	c	-39.28	-9.44	81.7
Anaximenes	c	72.48	-44.98	81.1
Archimedes	c	29.72	-3.99	81.0
Dorsa Andrusov	o	-1.56	56.77	81.0
La Pérouse	c	-10.67	76.28	80.4
Rimae Sulpicius Gallus	o	20.65	9.99	80.0
Pitiscus	c	-50.61	30.57	79.8
Aliacensis	c	-30.60	5.13	79.6
Gauricus	c	-33.91	-12.74	79.6
Hagecius	c	-59.92	46.63	79.5
Nobile	c	-85.28	53.27	79.3
Colombo	c	-15.26	46.02	79.0
Zagut	c	-31.94	21.89	78.9
Fabricius	c	-42.75	41.84	78.9
Gibbs	c	-18.37	84.27	78.8
Peary	c	88.63	24.40	78.7
Oken	c	-43.76	76.09	78.7
Hartwig	c	-6.14	-80.47	78.5
Nasmyth	c	-50.49	-56.39	78.4
Lacus Lenitatis	p	14.32	12.05	78.3
Legendre	c	-28.92	70.02	78.1
Rimae Posidonius	o	32.03	29.61	78.0
Cuvier	c	-50.29	9.69	77.3
Montanari	c	-45.83	-20.76	77.1
Biela	c	-54.99	51.63	77.0
Petermann	c	74.35	67.89	76.9
Clairaut	c	-47.84	13.86	76.9
Galvani	c	49.51	-84.56	76.8
Lacus Spei	p	43.46	65.20	76.7
Mons Bradley	o	21.73	0.38	76.5
Mutus	c	-63.65	29.93	76.3
Flammarion	c	-3.33	-3.73	76.2
Dorsa Sorby	o	18.65	13.70	76.0
Licetus	c	-47.19	6.54	75.4
Berosus	c	33.50	69.99	75.2
Rimae Fresnel	o	28.11	3.73	75.0
Rimae Ritter	o	3.50	17.97	75.0
Condorcet	c	12.10	69.58	74.9
Rima Messier	o	-0.76	44.55	74.2
Hédervári	c	-81.77	85.60	74.1
Jansky	c	8.63	89.50	73.8
Vega	c	-45.41	63.27	73.5
Oenopides	c	57.13	-64.20	73.5
Reiner Gamma	o	7.39	-58.96	73.4
Mons Rümker	o	40.76	-58.38	73.2
Goclenius	c	-10.05	45.03	73.0
Olbers	c	7.30	-76.14	73.0
Nearch	c	-58.58	39.01	72.8
Lacus Odii	p	19.22	7.27	72.7
Malapert	c	-85.00	11.40	72.4
Riccius	c	-37.02	26.43	71.8
Bettinus	c	-63.40	-45.16	71.8
Stevinus	c	-32.49	54.14	71.5
Young	c	-41.54	50.98	71.4
Philolaus	c	72.22	-32.88	71.4
Kircher	c	-67.01	-45.48	71.2
Lavoisier	c	38.17	-81.25	71.0
Rimae Maestlin	o	2.88	-40.48	71.0
Rheita	c	-37.10	47.17	70.8
Sinus Fidei	p	17.99	2.04	70.7
Parrot	c	-14.57	3.29	70.7
Gutenberg	c	-8.61	41.25	70.6
Lacus Perseverantiae	p	7.84	61.93	70.6
Nonius	c	-34.90	3.79	70.6
Werner	c	-28.03	3.29	70.6
Hainzel	c	-41.23	-33.52	70.6
Eudoxus	c	44.27	16.23	70.2
Bohr	c	12.71	-86.52	70.1
Rimae Gassendi	o	-17.47	-39.87	70.0
Promontorium Taenarium	o	-18.63	-7.34	70.0
Rima Billy	o	-14.74	-48.04	69.8
Plutarch	c	24.18	79.05	69.6
Catena Taruntius	o	3.04	48.71	69.2
Balboa	c	19.24	-83.31	69.2
Florey	c	87.04	-19.75	69.1
Faraday	c	-42.45	8.75	69.0
Simpelius	c	-72.61	14.74	68.9
Anaximander	c	66.97	-51.44	68.7
Zach	c	-60.92	5.25	68.5
Stadius	c	10.48	-13.77	68.5
Fernelius	c	-38.18	4.86	68.4
Le Monnier	c	26.66	30.50	68.4
Hercules	c	46.82	39.21	68.3
Rima Artsimovich	o	26.66	-38.65	68.1
Sinus Viscositatis	p	35.25	-40.99	68.0
Short	c	-74.54	-7.68	67.9
Segner	c	-58.96	-48.68	67.8
Rima T. Mayer	o	13.26	-31.37	67.8
Kiess	c	-6.41	84.11	67.8
Lyapunov	c	26.43	89.36	67.6
Poncelet	c	75.91	-54.57	67.6
La Caille	c	-23.68	1.08	67.2
Mons Malapert	o	-85.98	-1.67	67.0
Zeno	c	45.15	72.98	66.8
Wilson	c	-69.33	-42.83	66.6
Weiss	c	-31.76	-19.59	66.6
Watt	c	-49.60	48.48	66.5
Dorsa Stille	o	26.91	-18.85	66.3
Jacobi	c	-56.82	11.30	66.3
Rima Furnerius	o	-35.30	61.17	65.9
Huggins	c	-41.07	-1.52	65.8
Baco	c	-51.04	19.10	65.3
Doppelmayer	c	-28.48	-41.51	65.1
Mons Hua	o	45.71	-52.26	65.0
Heinsius	c	-39.48	-17.82	64.9
Dorsum Gast	o	24.38	8.71	64.9
Reichenbach	c	-30.48	47.95	64.8
Pilâtre	c	-60.17	-86.70	64.4
Mercurius	c	46.66	66.07	64.3
Gill	c	-63.77	75.95	63.9
De Sitter	c	79.81	38.57	63.8
Lexell	c	-35.78	-4.27	63.7
Harlan	c	-38.31	79.65	63.5
Apianus	c	-26.96	7.87	63.4
Steinheil	c	-48.71	46.66	63.3
Adams	c	-31.89	68.39	63.3
Cleostratus	c	60.32	-77.40	63.2
Zucchius	c	-61.38	-50.65	63.2
Dorsum Higazy	o	27.93	-17.47	63.1
Macrobius	c	21.26	45.97	62.8
Euctemon	c	76.26	30.57	62.7
Promontorium Agarum	o	13.87	65.73	62.5
Santbech	c	-20.99	44.06	62.2
Abulfeda	c	-13.87	13.91	62.2
von Braun	c	41.04	-78.08	61.8
Peirescius	c	-46.41	67.80	61.5
Mons Argaeus	o	19.33	29.01	61.5
Miller	c	-39.37	0.78	61.4
Boole	c	63.79	-87.29	61.3
Schumacher	c	42.42	60.81	61.3
Lilius	c	-54.60	6.09	61.2
Cusanus	c	71.82	69.40	60.9
Guericke	c	-11.57	-14.19	60.8
Bullialdus	c	-20.75	-22.26	60.7
Dalton	c	17.07	-84.45	60.7
Pictet	c	-43.56	-7.49	59.9
Blanchinus	c	-25.32	2.44	59.9
Capuanus	c	-34.09	-26.73	59.7
Hanno	c	-56.46	71.38	59.5
Wilkins	c	-29.58	19.58	59.4
Cavalerius	c	5.10	-66.93	59.3
Sylvester	c	82.65	-81.22	59.3
Bonpland	c	-8.38	-17.33	59.2
Montes Spitzbergen	o	34.47	-5.21	59.2
Langley	c	51.17	-86.05	59.2
Carpenter	c	69.52	-51.23	59.1
Mallet	c	-45.41	54.05	58.9
Eratosthenes	c	14.47	-11.32	58.8
Street	c	-46.58	-10.74	58.5
Wrottesley	c	-23.90	56.62	58.4
Lade	c	-1.33	9.99	58.1
Oberbeck	c	-83.55	68.14	58.0
Baade	c	-44.75	-82.03	57.9
Murchison	c	5.07	-0.21	57.8
Fraunhofer	c	-39.52	59.06	57.8
Rima Delisle	o	30.87	-32.35	57.6
Cannon	c	19.88	81.36	57.6
Hamilton	c	-42.77	84.41	57.5
Hippalus	c	-24.92	-30.42	57.4
Taruntius	c	5.50	46.54	57.3
Ulugh Beigh	c	32.67	-81.96	57.0
Rimae Arzachel	o	-18.31	-1.38	57.0
Cassini	c	40.25	4.64	56.9
Firmicus	c	7.25	63.43	56.8
Marinus	c	-39.38	76.57	56.6
Pentland	c	-64.57	11.34	56.4
Behaim	c	-16.61	79.41	56.2
Franklin	c	38.73	47.64	55.9
Pontanus	c	-28.42	14.36	55.7
Petrov	c	-61.36	88.18	55.4
Bunsen	c	41.40	-85.46	55.2
Catena Krafft	o	14.91	-72.25	55.1
Rimae Opelt	o	-13.64	-18.14	55.0
Kane	c	62.99	25.84	55.0
Bartels	c	24.51	-89.85	55.0
Scoresby	c	77.73	14.13	54.9
Strabo	c	61.94	54.42	54.7
Thebit	c	-22.01	-4.02	54.6
Saussure	c	-43.38	-3.88	54.6
Gum	c	-40.34	88.91	54.5
Epigenes	c	67.50	-4.62	54.5
Aristillus	c	33.88	1.21	54.4
Burckhardt	c	31.11	56.39	54.4
Maclaurin	c	-1.92	67.99	54.3
Rima Agatharchides	o	-20.38	-28.56	54.3
Rima Birt	o	-21.40	-9.28	54.2
Stokes	c	52.36	-88.11	53.9
Lehmann	c	-39.96	-56.17	53.8
Büsching	c	-38.04	19.96	53.5
Challis	c	79.58	9.09	53.2
Kaiser	c	-36.49	6.48	53.1
Lindenau	c	-32.35	24.77	53.1
Rimae Theaetetus	o	33.04	5.87	53.0
Widmannstätten	c	-6.09	85.43	52.9
Cavendish	c	-24.63	-53.78	52.6
Beals	c	37.11	86.58	52.6
Montes Secchi	o	2.72	43.17	52.5
Catena Davy	o	-10.98	-6.27	52.3
Schorr	c	-19.45	89.80	52.1
Nasireddin	c	-41.04	0.14	52.0
Agatharchides	c	-19.85	-31.11	52.0
Schubert	c	2.78	81.01	51.9
Anaxagoras	c	73.48	-10.17	51.9
Chevallier	c	45.01	51.57	51.8
Shoemaker	c	-88.14	45.91	51.8
Fourier	c	-30.31	-53.10	51.6
Delambre	c	-1.94	17.39	51.5
Porter	c	-56.15	-10.18	51.5
Haworth	c	-87.45	-5.17	51.4
Buch	c	-38.90	17.68	51.3
Regnault	c	54.04	-87.88	51.3
Réaumur	c	-2.45	0.73	51.3
Krafft	c	16.56	-72.72	51.1
Neison	c	68.21	25.02	51.0
Beaumont	c	-18.08	28.82	50.7
Apollonius	c	4.51	60.96	50.7
Chacornac	c	29.88	31.67	50.4
Boss	c	45.75	88.68	50.2
Rupes Toscanelli	o	26.97	-47.53	50.1
Rimae Maupertuis	o	51.24	-22.82	50.0
Promontorium Laplace	o	46.84	-25.51	50.0
Promontorium Heraclides	o	40.60	-34.10	50.0
Rutherfurd	c	-61.15	-12.25	50.0
Playfair	c	-23.56	8.45	49.9
Rima Flammarion	o	-2.38	-4.67	49.7
Cardanus	c	13.27	-72.50	49.6
Eichstadt	c	-22.63	-78.42	49.6
Pallas	c	5.48	-1.65	49.5
Voskresenskiy	c	27.91	-88.12	49.4
Neander	c	-31.35	39.89	49.2
Opelt	c	-16.32	-17.64	48.7
Kapteyn	c	-10.79	70.59	48.7
Breislak	c	-48.31	18.31	48.6
Berzelius	c	36.55	50.95	48.5
Bayer	c	-51.62	-35.14	48.5
Shaler	c	-32.89	-85.27	48.5
Catena Timocharis	o	29.09	-13.21	48.4
Gyldén	c	-5.37	0.23	48.2
Capella	c	-7.65	34.92	48.1
Dubyago	c	4.38	69.95	48.1
Lacus Hiemalis	p	15.01	13.97	48.0
Cysatus	c	-66.21	-6.34	47.8
Almanon	c	-16.85	15.14	47.8
Dorsum Niggli	o	29.01	-52.28	47.8
Descartes	c	-11.74	15.67	47.7
Zöllner	c	-7.97	18.90	47.7
Proctor	c	-46.43	-5.04	47.6
Reimarus	c	-47.69	60.42	47.6
Holden	c	-19.19	62.53	47.6
Seneca	c	26.71	79.81	47.6
Azophi	c	-22.19	12.70	47.5
Main	c	80.87	10.41	47.4
Bernoulli	c	34.93	60.61	47.3
Parry	c	-7.88	-15.78	47.3
Rost	c	-56.42	-33.84	46.8
Rimae Atlas	o	46.82	44.42	46.8
Rimae de Gasparis	o	-24.99	-50.30	46.7
Krusenstern	c	-26.30	5.76	46.4
Campanus	c	-28.04	-27.90	46.4
Mercator	c	-29.25	-26.11	46.3
Prinz	c	25.49	-44.14	46.1
Crüger	c	-16.68	-66.96	45.9
Daguerre	c	-11.91	33.61	45.8
Deluc	c	-55.02	-2.98	45.7
Billy	c	-13.83	-50.24	45.6
Kies	c	-26.31	-22.63	45.5
Rima Cleomedes	o	27.98	56.51	45.5
Maupertuis	c	49.70	-27.28	45.5
Borda	c	-25.20	46.52	45.4
Cook	c	-17.50	48.81	45.2
Rima Jansen	o	14.50	29.51	45.1
Seleucus	c	21.09	-66.66	45.0
Promontorium Kelvin	o	-26.95	-33.45	45.0
Hansteen	c	-11.53	-52.06	45.0
Eimmart	c	23.97	64.80	45.0
Geber	c	-19.46	13.85	44.7
Delaunay	c	-22.26	2.62	44.6
Bilharz	c	-5.83	56.34	44.6
Aston	c	32.77	-87.68	44.5
Rhaeticus	c	0.03	4.92	44.4
Saunder	c	-4.26	8.72	44.4
Brisbane	c	-49.20	68.76	44.3
Mons Vitruvius	o	19.33	30.74	44.3
Sirsalis	c	-12.49	-60.51	44.2
Tralles	c	28.32	52.85	44.2
Goodacre	c	-32.67	14.08	44.1
Stiborius	c	-34.49	31.99	43.8
Agrippa	c	4.10	10.47	43.7
Dorsum Nicol	o	18.32	22.66	43.7
Römer	c	25.43	36.41	43.7
Klein	c	-11.99	2.53	43.5
Lohse	c	-13.76	60.31	43.3
Reinhold	c	3.28	-22.86	43.3
Hesiodus	c	-29.42	-16.42	43.2
Tempel	c	3.76	11.86	43.2
Abenezra	c	-20.99	11.89	43.2
Mons Cabeus	o	-83.67	-36.16	43.0
Plana	c	42.25	28.22	43.0
Lubiniezky	c	-17.88	-23.89	43.0
Rima Gärtner	o	58.84	35.77	42.7
Houtermans	c	-9.42	87.38	42.7
Tacchini	c	5.08	85.82	42.6
Vitello	c	-30.42	-37.55	42.5
Faustini	c	-87.18	84.31	42.5
Gioja	c	83.35	1.76	42.5
Oersted	c	43.09	47.25	42.3
Mons Huygens	o	19.92	-2.86	42.0
Kinau	c	-60.75	14.94	41.9
Palitzsch	c	-28.02	64.39	41.9
Nobili	c	0.17	75.95	41.8
Henry Frères	c	-23.52	-59.02	41.7
Rothmann	c	-30.81	27.70	41.7
Boscovich	c	9.71	11.01	41.5
Poisson	c	-30.34	10.56	41.4
Isidorus	c	-7.96	33.50	41.4
Plinius	c	15.36	23.61	41.3
Hansen	c	14.04	72.54	41.2
Lee	c	-30.66	-40.76	41.2
Krasnov	c	-29.93	-79.82	41.2
Bürg	c	45.07	28.21	41.0
Barkla	c	-10.67	67.22	40.9
Oppolzer	c	-1.52	-0.45	40.9
Polybius	c	-22.46	25.63	40.8
Asclepi	c	-55.19	25.52	40.6
Nicolai	c	-42.47	25.87	40.5
Kopff	c	-17.39	-89.68	40.5
Dorsum Guettard	o	-9.92	-18.26	40.5
Ball	c	-35.92	-8.39	40.3
Haldane	c	-1.66	84.11	40.3
Wright	c	-31.55	-86.74	40.2
Glushko	c	8.11	-77.67	40.1
Marius	c	11.90	-50.84	40.1
Rima Gay-Lussac	o	13.18	-22.33	40.0
Alpetragius	c	-16.05	-4.51	40.0
Rima Calippus	o	37.03	12.66	40.0
Aristarchus	c	23.73	-47.49	40.0
Markov	c	53.43	-62.84	39.9
Palmieri	c	-28.64	-47.80	39.8
Tacitus	c	-16.20	18.95	39.8
Newcomb	c	29.76	43.67	39.8
Harpalus	c	52.73	-43.49	39.8
Pons	c	-25.43	21.55	39.7
Maraldi	c	19.36	34.80	39.6
Mairan	c	41.60	-43.50	39.5
Cepheus	c	40.68	45.78	39.4
Urey	c	27.93	87.43	39.3
Cichus	c	-33.29	-21.18	39.2
Herschel	c	-5.69	-2.09	39.1
Henry	c	-23.97	-57.01	39.1
Runge	c	-2.43	86.81	39.0
Liebig	c	-24.35	-48.30	39.0
Celsius	c	-34.10	20.05	39.0
Airy	c	-18.14	5.61	38.9
Autolycus	c	30.68	1.49	38.9
Hypatia	c	-4.25	22.58	38.8
Lansberg	c	-0.31	-26.63	38.7
Manilius	c	14.45	9.07	38.3
Nicholson	c	-26.22	-85.21	38.1
Faye	c	-21.39	3.81	38.0
Mons Amundsen	o	-82.57	75.71	38.0
La Condamine	c	53.54	-28.22	37.8
Democritus	c	62.31	34.99	37.8
Ideler	c	-49.32	22.24	37.8
Fermat	c	-22.71	19.79	37.8
Jenkins	c	0.37	78.04	37.8
Shuckburgh	c	42.65	52.71	37.7
Fontenelle	c	63.42	-18.96	37.7
von Behring	c	-7.75	71.72	37.6
Sharp	c	45.75	-40.22	37.6
Mons Penck	o	-10.00	21.74	37.6
Bianchini	c	48.78	-34.37	37.6
C. Mayer	c	63.26	17.31	37.5
da Vinci	c	9.10	44.95	37.5
Rima Conon	o	18.69	1.85	37.3
Magelhaens	c	-11.98	44.07	37.2
Moigno	c	66.27	28.80	36.8
Briggs	c	26.45	-69.19	36.8
Pettit	c	-27.52	-86.75	36.7
Schröter	c	2.74	-6.98	36.7
Damoiseau	c	-4.85	-61.25	36.7
Monge	c	-19.24	47.54	36.6
Williams	c	42.02	37.31	36.4
Taylor	c	-5.28	16.65	36.4
Graff	c	-42.30	-88.71	36.2
Lacroix	c	-37.93	-59.20	36.1
Yakovkin	c	-54.42	-78.93	35.9
Herodotus	c	23.25	-49.84	35.9
Donati	c	-20.69	5.10	35.8
Zupus	c	-17.18	-52.37	35.3
Lockyer	c	-46.27	36.59	35.1
Rimae Taruntius	o	5.83	46.83	35.0
Rimae Secchi	o	0.99	44.08	35.0
Yerkes	c	14.60	51.70	34.9
Condon	c	1.87	60.36	34.9
Weigel	c	-58.39	-39.34	34.8
Louville	c	44.12	-46.04	34.8
Alhazen	c	15.91	71.83	34.6
Back	c	1.20	80.67	34.6
Tisserand	c	21.41	48.17	34.6
Halley	c	-8.05	5.73	34.6
Kao	c	-6.71	87.81	34.5
Warner	c	-3.98	87.35	34.5
Hooke	c	41.14	54.86	34.3
Godin	c	1.82	10.16	34.2
Egede	c	48.72	10.64	34.2
Timocharis	c	26.72	-13.10	34.1
Calippus	c	38.92	10.72	34.0
Brown	c	-46.53	-17.99	34.0
Tebbutt	c	9.46	53.52	34.0
Davy	c	-11.85	-8.15	33.9
Argelander	c	-16.55	5.80	33.7
Van Vleck	c	-1.77	78.20	33.5
Palisa	c	-9.47	-7.19	33.5
Dorsum Owen	o	25.14	11.09	33.5
Mason	c	42.70	30.51	33.3
Hell	c	-32.41	-7.80	33.3
T. Mayer	c	15.54	-29.17	33.1
Gaudibert	c	-10.93	37.82	33.1
Gould	c	-19.26	-17.25	33.0
Naonobu	c	-4.70	57.93	33.0
Anděl	c	-10.41	12.38	32.9
Auzout	c	10.21	64.01	32.9
Mons Wolff	o	16.88	-6.80	32.9
Timaeus	c	62.91	-0.55	32.8
Keldysh	c	51.23	43.65	32.8
de Gerlache	c	-88.48	-88.34	32.7
Mons Delisle	o	29.42	-35.79	32.4
Lindsay	c	-7.00	13.01	32.2
Delmotte	c	27.16	60.20	32.2
Mitchell	c	49.77	20.17	32.1
Nöggerath	c	-48.82	-45.84	32.1
Weinek	c	-27.57	37.06	32.0
Rimae Boscovich	o	9.87	11.27	32.0
Archytas	c	58.87	4.99	31.9
Debes	c	29.47	51.62	31.9
Hall	c	33.81	36.75	31.8
Bohnenberger	c	-16.24	40.06	31.7
Lick	c	12.36	52.84	31.6
Fontana	c	-16.04	-56.79	31.5
Weierstrass	c	-1.26	77.15	31.3
Lohrmann	c	-0.44	-67.38	31.3
Lyell	c	13.63	40.56	31.2
Ibn-Rushd	c	-11.69	21.71	31.1
Vitruvius	c	17.66	31.28	30.9
de Gasparis	c	-25.83	-50.83	30.9
Rima Hansteen	o	-12.09	-52.99	30.9
Torricelli	c	-4.72	28.40	30.9
Spallanzani	c	-46.38	24.73	30.9
Kant	c	-10.62	20.20	30.9
Thales	c	61.74	50.27	30.7
Rima Réaumur	o	-2.84	2.47	30.7
Mons Hansteen	o	-12.19	-50.21	30.6
Rima Yangel'	o	16.62	4.79	30.4
Dove	c	-46.83	31.42	30.4
Drebbel	c	-40.93	-49.12	30.2
Lambert	c	25.77	-20.99	30.1
Mons Ampère	o	19.32	-3.71	30.0
Reiner	c	6.92	-54.98	29.8
Sabine	c	1.38	20.07	29.8
D'Arrest	c	2.26	14.60	29.7
Horrocks	c	-3.99	5.85	29.7
Ritter	c	1.96	19.17	29.5
Kepler	c	8.12	-38.01	29.5
Kreiken	c	-9.05	84.55	29.4
Mons Vinogradov	o	22.35	-32.52	28.7
Atwood	c	-5.88	57.78	28.6
Grove	c	40.30	32.98	28.5
Littrow	c	21.50	31.39	28.5
Hind	c	-7.92	7.31	28.5
Encke	c	4.57	-36.68	28.3
Marco Polo	c	15.52	-2.05	28.3
Daniell	c	35.42	31.16	28.2
Wöhler	c	-38.25	31.35	28.1
Tannerus	c	-56.44	21.92	28.1
Sömmering	c	0.19	-7.53	28.0
Carrington	c	43.97	62.04	27.8
Mädler	c	-11.04	29.76	27.6
Rima Schröter	o	1.28	-6.25	27.2
Mons Gruithuisen Delta	o	36.07	-39.59	27.2
Menelaus	c	16.26	15.93	27.1
Rimae Palmieri	o	-27.83	-47.17	27.1
Proclus	c	16.09	46.89	26.9
Catalán	c	-45.70	-87.37	26.8
Helmert	c	-7.56	87.67	26.7
Mons Hadley	o	26.69	4.12	26.4
Vogel	c	-15.11	5.83	26.3
Dembowski	c	2.88	7.27	26.1
Euler	c	23.26	-29.18	26.0
Wolf	c	-22.79	-16.63	25.7
Wallace	c	20.26	-8.75	25.7
Baily	c	49.78	30.56	25.7
Spörer	c	-4.30	-1.77	25.6
Arago	c	6.15	21.43	25.5
Pomortsev	c	0.74	66.91	25.5
Franz	c	16.57	40.24	25.5
Schwabe	c	65.10	45.48	25.5
Gay-Lussac	c	13.88	-20.79	25.4
Ramsden	c	-32.96	-31.88	25.1
Foucault	c	50.46	-39.86	25.1
Horrebow	c	58.80	-40.93	25.0
Triesnecker	c	4.18	3.60	25.0
Puiseux	c	-27.82	-39.19	25.0
Swasey	c	-5.46	89.67	24.8
Delisle	c	29.98	-34.68	24.8
Shapley	c	9.35	56.83	24.8
Gambart	c	0.92	-15.24	24.7
Theaetetus	c	37.01	6.06	24.6
Ross	c	11.67	21.74	24.5
Mons Pico	o	45.82	-8.87	24.4
Kirchhoff	c	30.30	38.84	24.4
Mösting	c	-0.70	-5.88	24.4
Jansen	c	13.55	28.64	24.2
Schiaparelli	c	23.38	-58.82	24.2
Clausius	c	-36.90	-43.93	24.2
Burnham	c	-13.92	7.25	24.1
Robinson	c	59.06	-46.03	24.1
Ritchey	c	-11.13	8.48	24.1
Lawrence	c	7.35	43.30	24.0
McClure	c	-15.32	50.24	24.0
Helicon	c	40.43	-23.11	23.7
Sheepshanks	c	59.24	17.04	23.7
Lalande	c	-4.46	-8.65	23.5
Dale	c	-9.56	82.93	23.4
Müller	c	-7.64	2.04	23.4
van Albada	c	9.36	64.35	22.9
Krieger	c	29.02	-45.61	22.9
König	c	-24.23	-24.68	22.9
Bliss	c	53.04	-13.78	22.8
Rima Krieger	o	29.29	-46.26	22.6
Harding	c	43.54	-71.66	22.6
Epimenides	c	-40.92	-30.33	22.6
Crozier	c	-13.56	50.72	22.5
Mons Piton	o	40.72	-0.92	22.5
Loewy	c	-22.69	-32.85	22.5
Maskelyne	c	2.16	30.04	22.4
Picard	c	14.57	54.72	22.3
Bouguer	c	52.32	-35.82	22.2
Secchi	c	2.40	43.56	22.1
De Vico	c	-19.71	-60.32	22.1
Aryabhata	c	6.20	35.17	21.9
Lassell	c	-15.49	-7.90	21.8
Ukert	c	7.71	1.37	21.7
Mons La Hire	o	27.66	-25.51	21.7
Mont Blanc	o	45.41	0.44	21.6
Elger	c	-35.40	-29.81	21.5
Webb	c	-0.98	60.00	21.4
Haidinger	c	-39.18	-25.14	21.3
Fibiger	c	86.14	37.13	21.1
Protagoras	c	56.02	7.34	21.1
Burbidge	c	-86.35	48.60	21.0
Conon	c	21.66	1.95	21.0
Galle	c	55.87	22.33	21.0
Le Verrier	c	40.33	-20.61	20.5
Alfraganus	c	-5.42	18.97	20.5
Maclear	c	10.52	20.10	20.3
Promontorium Fresnel	o	28.63	4.75	20.0
Whitaker	c	-84.67	0.69	20.0
Carmichael	c	19.53	40.36	19.7
Mons Gruithuisen Gamma	o	36.56	-40.72	19.7
Auwers	c	15.00	17.12	19.6
Lichtenberg	c	31.85	-67.72	19.5
Black	c	-9.20	80.39	19.5
Flamsteed	c	-4.49	-44.34	19.3
Krogh	c	9.41	65.69	19.2
G. Bond	c	32.39	36.32	19.0
Peirce	c	18.26	53.35	18.9
Promontorium Agassiz	o	42.40	1.77	18.8
Virchow	c	9.88	83.77	18.8
Pytheas	c	20.57	-20.59	18.8
Kunowsky	c	3.22	-32.53	18.3
Theon Senior	c	-0.81	15.42	18.0
Hargreaves	c	-2.18	64.09	18.0
Respighi	c	2.86	71.90	17.9
Carrillo	c	-2.11	80.96	17.9
Bode	c	6.71	-2.45	17.8
Townley	c	3.42	63.19	17.7
Gardner	c	17.75	33.81	17.6
Theon Junior	c	-2.41	15.79	17.6
Dawes	c	17.21	26.34	17.6
Diophantus	c	27.62	-34.30	17.6
Bellot	c	-12.48	48.19	17.5
Geissler	c	-2.60	76.51	17.4
Winthrop	c	-10.76	-44.46	17.3
Dionysius	c	2.77	17.29	17.2
Mons Hadley Delta	o	25.72	3.71	17.2
Somerville	c	-8.33	64.96	17.1
Cartwright	c	-87.65	-46.95	17.0
Sosigenes	c	8.70	17.60	17.0
Elmer	c	-10.23	84.18	16.9
Stose	c	-86.38	32.13	16.7
Lallemand	c	-14.40	-84.21	16.7
Maury	c	37.11	39.69	16.6
Promontorium Deville	o	43.31	1.14	16.6
Lepaute	c	-33.30	-33.69	16.4
Liouville	c	2.73	73.57	16.1
Galilaei	c	10.48	-62.83	16.0
Hermann	c	-0.87	-57.47	15.9
Glaisher	c	13.19	49.34	15.9
Mons Maraldi	o	20.34	35.50	15.9
Hill	c	20.91	40.81	15.9
Birt	c	-22.36	-8.59	15.8
Cartan	c	4.24	59.29	15.6
Carrel	c	10.67	26.68	15.6
Bessel	c	21.73	17.92	15.6
Watts	c	8.84	46.31	15.6
Pickering	c	-2.88	6.99	15.4
Svedberg	c	-81.68	65.15	15.3
Esclangon	c	21.47	42.06	15.3
Rima Zahia	o	25.02	-30.46	15.2
Dunthorne	c	-30.12	-31.71	15.1
Born	c	-6.05	66.83	15.1
Manners	c	4.57	19.99	15.0
Rima Carmen	o	19.95	29.30	15.0
Rima Dawes	o	17.58	26.63	15.0
Gruithuisen	c	32.89	-39.78	15.0
Daly	c	5.74	59.50	15.0
Herigonius	c	-13.36	-33.97	14.9
Darney	c	-14.61	-23.57	14.8
Nicollet	c	-21.95	-12.50	14.7
Peters	c	68.07	29.39	14.7
Daubrée	c	15.73	14.75	14.7
Rima Cleopatra	o	30.03	-53.80	14.7
Greaves	c	13.18	52.79	14.3
Cayley	c	3.94	15.09	14.2
Brayley	c	20.90	-36.94	14.2
Hortensius	c	6.47	-28.00	14.2
Lubbock	c	-3.99	41.79	14.1
Messier	c	-1.90	47.65	13.8
Stewart	c	2.15	66.98	13.8
Rima Wan-Yu	o	19.98	-31.43	13.7
Morley	c	-2.82	64.62	13.7
C. Herschel	c	34.48	-31.29	13.7
Heis	c	32.47	-31.98	13.7
Mons Moro	o	-11.84	-19.84	13.7
von Baeyer	c	-81.80	61.87	13.5
Knox-Shaw	c	5.36	80.19	13.4
Fredholm	c	18.37	46.55	13.4
Hinshelwood	c	89.41	-51.89	13.3
Lindbergh	c	-5.41	52.90	13.3
Mons Usov	o	11.91	63.26	13.2
Spurr	c	27.91	-1.27	13.2
Chladni	c	3.99	1.12	13.1
Acosta	c	-5.65	60.14	13.1
Whewell	c	4.16	13.73	13.0
Tolansky	c	-9.52	-15.98	13.0
Biot	c	-22.70	51.08	13.0
Spudis	c	-89.51	-84.61	13.0
Piazzi Smyth	c	41.91	-3.24	13.0
Grignard	c	84.54	-75.83	13.0
Silberschlag	c	6.21	12.53	12.6
Peek	c	2.76	86.96	12.5
Bancroft	c	28.07	-6.43	12.5
Leakey	c	-3.19	37.46	12.5
Lamèch	c	42.79	13.15	12.4
Asada	c	7.25	49.90	12.4
Talbot	c	-2.47	85.30	12.4
Wildt	c	9.02	75.83	12.3
Al-Bakri	c	14.34	20.25	12.2
Milichius	c	10.01	-30.23	12.2
Slocum	c	-3.15	89.07	12.2
Dechen	c	46.12	-68.18	12.0
Ibn Bajja	c	-86.30	-75.04	12.0
Fauth	c	6.23	-20.14	11.9
Franck	c	22.59	35.56	11.9
Cauchy	c	9.56	38.63	11.8
Euclides	c	-7.40	-29.56	11.8
Kirch	c	39.27	-5.62	11.7
Sinas	c	8.85	31.60	11.7
Sulpicius Gallus	c	19.63	11.68	11.6
Ibn Battuta	c	-6.95	50.44	11.5
Wapowski	c	-83.08	53.79	11.5
Rosse	c	-17.95	34.98	11.4
Lebesgue	c	-5.14	88.97	11.4
Turner	c	-1.40	-13.24	11.2
Promontorium Archerusia	o	16.80	21.94	11.2
Zähringer	c	5.51	40.21	11.2
Boethius	c	5.57	72.33	11.2
Schmidt	c	0.96	18.78	11.1
Dollond	c	-10.48	14.41	11.0
Natasha	c	19.98	-31.16	11.0
Rimae Prinz	o	27.05	-43.51	10.9
Erlanger	c	86.99	28.62	10.9
Cameron	c	6.19	45.93	10.9
Avery	c	-1.32	81.37	10.7
Carlini	c	33.75	-24.12	10.7
Mons Heng	o	42.56	-52.12	10.6
Fabbroni	c	18.66	29.27	10.5
Rima Vladimir	o	25.20	-0.75	10.5
Rankine	c	-3.87	71.49	10.5
Abbot	c	5.56	54.74	10.4
Ariadaeus	c	4.55	17.28	10.4
Rimae Vasco da Gama	o	11.55	-84.03	10.4
Kundt	c	-11.57	-11.57	10.3
Catena Littrow	o	22.23	29.61	10.3
Anville	c	1.84	49.51	10.3
Aratus	c	23.58	4.51	10.2
Raman	c	26.96	-55.16	10.2
Patricia	c	24.91	0.50	10.1
Béla	c	24.67	2.27	10.1
Swift	c	19.35	53.44	10.1
Naumann	c	35.38	-62.02	9.9
Norman	c	-11.78	-30.35	9.9
Bessarion	c	14.85	-37.31	9.8
Brewster	c	23.27	34.69	9.8
Wichmann	c	-7.54	-38.13	9.8
Bombelli	c	5.28	56.19	9.7
De Morgan	c	3.31	14.89	9.7
Nielsen	c	31.80	-51.76	9.6
Wollaston	c	30.60	-46.98	9.6
Sabatier	c	13.19	79.01	9.6
Angström	c	29.90	-41.67	9.6
Catena Pierre	o	19.76	-31.86	9.4
Gore	c	86.18	-62.31	9.4
Crile	c	14.21	45.98	9.3
Luther	c	33.20	24.15	9.3
Ameghino	c	3.30	57.04	9.2
Galen	c	21.95	4.96	9.2
Van Biesbroeck	c	28.77	-45.59	9.1
Beer	c	27.07	-9.10	9.1
Floss	c	-84.28	42.27	9.0
Easley	c	-23.69	87.97	9.0
Feuillée	c	27.37	-9.46	8.9
Brackett	c	17.84	23.54	8.9
Santos-Dumont	c	27.79	4.75	8.8
Hyginus	c	7.76	6.27	8.7
Rupes Boris	o	30.67	-33.60	8.6
Cajal	c	12.59	31.08	8.6
Al-Marrakushi	c	-10.45	55.77	8.6
Ammonius	c	-8.52	-0.83	8.6
Trouvelot	c	49.37	5.79	8.5
Suess	c	4.36	-47.72	8.4
Beketov	c	16.23	29.18	8.3
Rima Rudolf	o	19.71	29.62	8.3
Seeliger	c	-2.22	3.00	8.3
Malinkin	c	-87.22	75.94	8.3
Theiler	c	13.36	82.85	8.3
Draper	c	17.56	-21.75	8.3
Taizo	c	24.70	2.20	8.2
Väisälä	c	25.90	-47.90	8.1
Bowen	c	17.63	9.10	8.1
Theophrastus	c	17.46	39.06	8.0
Artsimovich	c	27.61	-36.63	8.0
Mons Esam	o	14.61	35.71	7.9
Yangel'	c	16.96	4.69	7.9
Rimae Doppelmayer	o	-26.23	-44.53	7.8
Catena Brigitte	o	18.50	27.49	7.7
Sarabhai	c	24.75	21.00	7.4
Jomo	c	24.41	2.44	7.4
Dorsum Thera	o	24.40	-31.42	7.2
Toscanelli	c	27.96	-47.61	7.1
Tooley	c	-88.04	51.31	7.0
McDonald	c	30.39	-20.88	7.0
MacMillan	c	24.20	-7.85	6.9
Heinrich	c	24.84	-15.37	6.9
Lucian	c	14.34	36.78	6.8
Maestlin	c	4.90	-40.72	6.8
Tucker	c	-5.62	88.21	6.8
Mons Herodotus	o	27.50	-52.94	6.8
Lippershey	c	-25.96	-10.38	6.7
Clerke	c	21.68	29.80	6.7
Fahrenheit	c	13.12	61.71	6.7
Marth	c	-31.16	-29.35	6.5
Tacquet	c	16.64	19.20	6.4
Mons Latreille	o	18.47	61.92	6.4
Kuiper	c	-9.78	-22.68	6.3
Moltke	c	-0.59	24.16	6.2
Bruce	c	1.16	0.37	6.1
Landsteiner	c	31.30	-14.79	6.1
Fedorov	c	28.23	-37.05	6.1
Smithson	c	2.38	53.64	6.0
Bobillier	c	19.63	15.44	6.0
Deseilligny	c	21.13	20.59	6.0
Wallach	c	4.89	32.27	5.7
Golgi	c	27.78	-59.96	5.6
Kathleen	c	25.34	-0.83	5.4
Banting	c	26.58	16.43	5.1
Joy	c	25.01	6.56	5.1
Petit	c	2.32	63.46	5.0
Mirzakhani	c	-17.47	85.20	5.0
Blagg	c	1.22	1.46	5.0
Scheele	c	-9.45	-37.85	4.7
Carlos	c	24.91	2.28	4.7
Borel	c	22.37	26.42	4.7
Very	c	25.62	25.35	4.7
Marvin	c	-89.13	-87.78	4.6
Zinner	c	26.64	-58.86	4.6
Catena Yuri	o	24.41	-30.38	4.5
Jehan	c	20.71	-31.86	4.5
Rocco	c	28.91	-45.00	4.4
Humason	c	30.73	-56.66	4.3
Rima Reiko	o	18.55	27.71	4.3
Armstrong	c	1.35	24.94	4.2
Censorinus	c	-0.42	32.69	4.1
Finsch	c	23.58	21.27	4.1
Rubin	c	-82.82	77.65	4.0
Rima Marcello	o	18.59	27.74	4.0
Rima Sung-Mei	o	24.59	11.28	3.9
Ivan	c	26.86	-43.26	3.8
Ching-Te	c	20.02	29.97	3.7
Bay	c	-88.76	-36.85	3.5
Huxley	c	20.20	-4.54	3.5
Michael	c	25.05	0.21	3.5
Menzel	c	3.41	36.94	3.4
Ruth	c	28.71	-45.06	3.1
Ina	c	18.66	5.30	3.0
Vallis Krishna	o	24.50	11.26	2.9
Curtis	c	14.57	56.79	2.9
Hornsby	c	23.80	12.51	2.9
Freud	c	25.79	-52.40	2.8
Caventou	c	29.74	-29.38	2.8
Aldrin	c	1.41	22.09	2.8
Eckert	c	17.28	58.38	2.6
Collins	c	1.30	23.71	2.6
Aloha	c	29.79	-53.88	2.5
Amontons	c	-5.34	46.78	2.5
Chang-Ngo	c	-12.69	-2.16	2.3
Akis	c	20.01	-31.76	2.3
Artemis	c	25.03	-25.36	2.3
Vera	c	26.33	-43.71	2.3
Linné	c	27.75	11.80	2.2
Pei Xiu	c	44.06	-52.75	2.2
Pupin	c	23.87	-11.00	2.2
Ann	c	25.11	-0.05	2.1
Vallis Christel	o	24.54	11.08	2.1
Gaston	c	30.88	-33.96	2.0
Soraya	c	-12.87	-1.63	1.9
Samir	c	28.50	-34.29	1.9
Donna	c	7.22	38.30	1.8
Sampson	c	29.58	-16.53	1.8
Julienne	c	26.06	3.13	1.8
Song Yingxing	c	42.34	-49.65	1.8
Jaci	c	-85.42	31.23	1.8
Osman	c	-10.98	-6.25	1.8
Boris	c	30.53	-33.50	1.7
Ravi	c	-12.50	-1.97	1.6
Abetti	c	20.11	27.82	1.6
Delia	c	-10.91	-6.13	1.6
Diana	c	14.29	35.65	1.6
Verne	c	24.95	-25.38	1.5
Ian	c	25.72	-0.39	1.5
Liu Hui	c	42.88	-52.61	1.5
Priscilla	c	-10.96	-6.21	1.5
Grace	c	14.21	35.89	1.5
Felix	c	25.09	-25.38	1.4
Alan	c	-10.93	-6.17	1.4
Harold	c	-10.88	-6.07	1.4
Lhamu	c	-85.92	-1.62	1.4
Masina	c	-85.42	32.15	1.4
Charles	c	29.90	-26.37	1.3
Annegrit	c	29.43	-25.64	1.3
Walter	c	28.04	-33.81	1.3
Courtney	c	25.14	-30.81	1.2
Isabel	c	28.18	-34.07	1.2
José	c	-12.68	-1.66	1.2
Linda	c	30.69	-33.38	1.1
Mavis	c	29.76	-26.36	1.1
Monira	c	-12.54	-1.73	1.1
Osiris	c	18.65	27.65	1.0
Susan	c	-11.00	-6.30	1.0
Shen Kuo	c	44.00	-49.41	0.9
Ango	c	20.48	-32.34	0.9
Rosa	c	20.30	-32.30	0.8
Dawa	c	-85.45	31.66	0.7
Louise	c	28.49	-34.20	0.6
Jerik	c	18.53	27.63	0.6
Isis	c	18.95	27.48	0.6
Manuel	c	24.47	11.36	0.6
Robert	c	19.03	27.45	0.6
Mary	c	18.93	27.39	0.5
Yoshi	c	24.56	10.99	0.5
Tai Wei	c	44.15	-19.49	0.5
Tian Shi	c	44.10	-19.45	0.5
Zi Wei	c	44.12	-19.52	0.4
Osama	c	18.61	5.27	0.4
Stella	c	19.91	29.76	0.4
Borya	c	38.28	-35.01	0.4
Xu Guangqi	c	43.06	-51.93	0.4
Dag	c	18.71	5.26	0.4
Shioli	c	-13.33	25.23	0.3
McGetchin	c	1.35	67.18	0.2
Gena	c	38.27	-35.01	0.2
Mareta	c	36.45	-40.81	0.1
Kolya	c	38.31	-35.00	0.1
Kostya	c	38.26	-35.02	0.1
Valera	c	38.29	-35.02	0.1
Vitya	c	38.27	-35.03	0.1
Leonid	c	38.31	-35.01	0.1
Nikolya	c	38.20	-34.98	0.1
Igor	c	38.25	-35.01	0.1
Slava	c	38.23	-35.00	0.1
Vasya	c	38.20	-34.98	0.1
Albert	c	38.32	-35.01	0.1
Guang Han Gong	o	44.12	-19.51	0.1
Lev	c	12.71	62.21	0.1
Statio Tianchuan	o	43.06	-51.92	0.0
Ballet	c	20.17	30.57	0.0
Statio Tranquillitatis	o	0.67	23.47	0.0
Planitia Descensus	p	7.18	-64.15	0.0
Mons Agnes	o	18.66	5.33	0.0
Statio Shiv Shakti	o	-69.37	32.32	0.0
